{"cameraMode":{"drawMode":0,"name":"Shaded","section":"Shading Mode"},"sceneLighting":true,"audioPlay":false,"sceneViewState":{"m_AlwaysRefresh":false,"showFog":true,"showSkybox":true,"showFlares":true,"showImageEffects":true,"showParticleSystems":true,"showVisualEffectGraphs":true,"m_FxEnabled":true},"in2DMode":false,"pivot":{"x":-1.9016427993774415,"y":-0.2871267795562744,"z":1.2486748695373536},"rotation":{"x":0.19845640659332276,"y":-0.8014460206031799,"z":0.39976638555526736,"w":0.3983282148838043},"size":1.8819775581359864,"orthographic":false}